"file","date"
"01-刷题笔记\比赛WP\2024技能兴鲁\Crypto\这个n是什么.md","2025-01-01 00:00:00"
"01-刷题笔记\比赛WP\2024技能兴鲁\Crypto\BruteCC.md","2025-01-02 00:37:00"
"01-刷题笔记\比赛WP\2024技能兴鲁\Crypto\e咋这么大.md","2025-01-04 01:14:00"
"01-刷题笔记\比赛WP\2024技能兴鲁\Crypto\ez_rsa.md","2025-01-06 01:51:00"
"01-刷题笔记\比赛WP\2024技能兴鲁\Crypto\ez_rsa2.md","2025-01-07 02:28:00"
"01-刷题笔记\比赛WP\2024技能兴鲁\Crypto\ez_xor.md","2025-01-09 03:05:00"
"01-刷题笔记\比赛WP\2025 SWPU-NSSCTF 秋季招新入门训练赛\安卓\NSSCTF2025入门题目-凯撒加密.md","2025-01-11 03:42:00"
"01-刷题笔记\比赛WP\2025 SWPU-NSSCTF 秋季招新入门训练赛\安卓\NSSCTF2025入门题目-APK基础理解.md","2025-01-12 04:19:00"
"01-刷题笔记\比赛WP\2025 SWPU-NSSCTF 秋季招新入门训练赛\安卓\NSSCTF2025入门题目-frida.md","2025-01-14 04:56:00"
"01-刷题笔记\比赛WP\2025 SWPU-NSSCTF 秋季招新入门训练赛\安卓\NSSCTF2025入门题目-So层加密.md","2025-01-16 05:33:00"
"01-刷题笔记\比赛WP\2025 SWPU-NSSCTF 秋季招新入门训练赛\安卓\NSSCTF2025入门题目-so与java的交互.md","2025-01-17 06:10:00"
"01-刷题笔记\比赛WP\2025 SWPU-NSSCTF 秋季招新入门训练赛\Crypto\家人们！谁懂啊，RSA签到都不会 (初级).md","2025-01-19 06:47:00"
"01-刷题笔记\比赛WP\2025 SWPU-NSSCTF 秋季招新入门训练赛\Crypto\拟态签到题.md","2025-01-21 07:24:00"
"01-刷题笔记\比赛WP\2025 SWPU-NSSCTF 秋季招新入门训练赛\Crypto\base__.md","2025-01-22 08:01:00"
"01-刷题笔记\比赛WP\2025 SWPU-NSSCTF 秋季招新入门训练赛\Crypto\bigrsa.md","2025-01-24 08:38:00"
"01-刷题笔记\比赛WP\2025 SWPU-NSSCTF 秋季招新入门训练赛\Crypto\childRSA.md","2025-01-26 09:15:00"
"01-刷题笔记\比赛WP\2025 SWPU-NSSCTF 秋季招新入门训练赛\Crypto\Crazy_Rsa_Tech.md","2025-01-27 09:52:00"
"01-刷题笔记\比赛WP\2025 SWPU-NSSCTF 秋季招新入门训练赛\Crypto\crypto1.md","2025-01-29 10:29:00"
"01-刷题笔记\比赛WP\2025 SWPU-NSSCTF 秋季招新入门训练赛\Crypto\crypto2.md","2025-01-31 11:06:00"
"01-刷题笔记\比赛WP\2025 SWPU-NSSCTF 秋季招新入门训练赛\Crypto\crypto4.md","2025-02-01 11:43:00"
"01-刷题笔记\比赛WP\2025 SWPU-NSSCTF 秋季招新入门训练赛\Crypto\crypto6.md","2025-02-03 12:20:00"
"01-刷题笔记\比赛WP\2025 SWPU-NSSCTF 秋季招新入门训练赛\Crypto\crypto7.md","2025-02-05 12:57:00"
"01-刷题笔记\比赛WP\2025 SWPU-NSSCTF 秋季招新入门训练赛\Crypto\e的学问.md","2025-02-06 13:34:00"
"01-刷题笔记\比赛WP\2025 SWPU-NSSCTF 秋季招新入门训练赛\Crypto\factordb (中级).md","2025-02-08 14:11:00"
"01-刷题笔记\比赛WP\2025 SWPU-NSSCTF 秋季招新入门训练赛\Crypto\happy.md","2025-02-10 14:48:00"
"01-刷题笔记\比赛WP\2025 SWPU-NSSCTF 秋季招新入门训练赛\Crypto\Is this only base.md","2025-02-11 15:25:00"
"01-刷题笔记\比赛WP\2025 SWPU-NSSCTF 秋季招新入门训练赛\Crypto\md5的破解.md","2025-02-13 16:02:00"
"01-刷题笔记\比赛WP\2025 SWPU-NSSCTF 秋季招新入门训练赛\Crypto\Vigenère.md","2025-02-15 16:39:00"
"01-刷题笔记\比赛WP\2025 SWPU-NSSCTF 秋季招新入门训练赛\Crypto\yafu (中级).md","2025-02-16 17:16:00"
"01-刷题笔记\比赛WP\2025 SWPU-NSSCTF 秋季招新入门训练赛\RE\NSSCTF2025入门题目-Base64.md","2025-02-18 17:53:00"
"01-刷题笔记\比赛WP\2025 SWPU-NSSCTF 秋季招新入门训练赛\RE\NSSCTF2025入门题目-Debug.md","2025-02-20 18:30:00"
"01-刷题笔记\比赛WP\2025 SWPU-NSSCTF 秋季招新入门训练赛\RE\NSSCTF2025入门题目-Maze.md","2025-02-22 19:07:00"
"01-刷题笔记\比赛WP\2025 SWPU-NSSCTF 秋季招新入门训练赛\RE\NSSCTF2025入门题目-pyc.md","2025-02-23 19:44:00"
"01-刷题笔记\比赛WP\2025 SWPU-NSSCTF 秋季招新入门训练赛\RE\NSSCTF2025入门题目-Unity.md","2025-02-25 20:21:00"
"01-刷题笔记\比赛WP\2025 SWPU-NSSCTF 秋季招新入门训练赛\RE\NSSCTF2025入门题目-Xor.md","2025-02-27 20:58:00"
"01-刷题笔记\比赛WP\技能兴鲁.md","2025-02-28 21:35:00"
"01-刷题笔记\比赛WP\金砖.md","2025-03-02 22:12:00"
"01-刷题笔记\比赛WP\蓝桥杯wp.md","2025-03-04 22:49:00"
"01-刷题笔记\比赛WP\鹏云杯\Crypto\滑滑果实.md","2025-03-05 23:26:00"
"01-刷题笔记\比赛WP\山东网络安全大赛\Crypto\ezRSA.md","2025-03-07 00:03:00"
"01-刷题笔记\比赛WP\山东信院CTF\CRYPTO\好像指数有点低.md","2025-03-09 00:40:00"
"01-刷题笔记\比赛WP\山东信院CTF\CRYPTO\又是RSA.md","2025-03-10 01:17:00"
"01-刷题笔记\比赛WP\山东信院CTF\CRYPTO\RSA.md","2025-03-12 01:54:00"
"01-刷题笔记\比赛WP\山东信院CTF\CRYPTO\SM.md","2025-03-14 02:31:00"
"01-刷题笔记\比赛WP\山东信院CTF\CRYPTO\Winner.md","2025-03-15 03:08:00"
"01-刷题笔记\比赛WP\山河CTF\第二周\魔鬼的步伐.md","2025-03-17 03:45:00"
"01-刷题笔记\比赛WP\山河CTF\第二周\E&R.md","2025-03-19 04:22:00"
"01-刷题笔记\比赛WP\山河CTF\第二周\ezECC.md","2025-03-20 04:59:00"
"01-刷题笔记\比赛WP\山河CTF\第二周\pading（填充）.md","2025-03-22 05:36:00"
"01-刷题笔记\比赛WP\山河CTF\第二周\worde很大.md","2025-03-24 06:13:00"
"01-刷题笔记\比赛WP\山河CTF\第一周\Crypto\baby_mod.md","2025-03-25 06:50:00"
"01-刷题笔记\比赛WP\山河CTF\第一周\Crypto\d_know.md","2025-03-27 07:27:00"
"01-刷题笔记\比赛WP\山河CTF\第一周\Crypto\EzAES.md","2025-03-29 08:04:00"
"01-刷题笔记\比赛WP\山河CTF\第一周\Crypto\factor.md","2025-03-30 08:41:00"
"01-刷题笔记\比赛WP\山河CTF\第一周\Crypto\Hello Crypto.md","2025-04-01 09:18:00"
"01-刷题笔记\比赛WP\西电新生赛\baby_eqution.md","2025-04-03 09:55:00"
"01-刷题笔记\比赛WP\西电新生赛\Crypto_in_CTFRu_Men_Zhi_Bei_.md","2025-04-04 10:32:00"
"01-刷题笔记\比赛WP\西电新生赛\ezhash.md","2025-04-06 11:09:00"
"01-刷题笔记\比赛WP\西电新生赛\ezlengrede.md","2025-04-08 11:46:00"
"01-刷题笔记\比赛WP\西电新生赛\new_system.md","2025-04-09 12:23:00"
"01-刷题笔记\比赛WP\西电新生赛\rsa_revenge.md","2025-04-11 13:00:00"
"01-刷题笔记\比赛WP\西电新生赛\Signin.md","2025-04-13 13:37:00"
"01-刷题笔记\比赛WP\西电新生赛\small and big.md","2025-04-15 14:14:00"
"01-刷题笔记\比赛WP\铸网决赛.md","2025-04-16 14:51:00"
"01-刷题笔记\比赛WP\ISCC.md","2025-04-18 15:28:00"
"01-刷题笔记\比赛WP\ISCC\第二阶段\邦布出击.md","2025-04-20 16:05:00"
"01-刷题笔记\比赛WP\ISCC\第二阶段\有趣的小游戏.md","2025-04-21 16:42:00"
"01-刷题笔记\比赛WP\ISCC\第二阶段\Detective.md","2025-04-23 17:19:00"
"01-刷题笔记\比赛WP\ISCC\第二阶段\faze.md","2025-04-25 17:56:00"
"01-刷题笔记\比赛WP\ISCC\第二阶段\Fufu.md","2025-04-26 18:33:00"
"01-刷题笔记\比赛WP\ISCC\第二阶段\genius.md","2025-04-28 19:10:00"
"01-刷题笔记\比赛WP\ISCC\第二阶段\greeting.md","2025-04-30 19:47:00"
"01-刷题笔记\比赛WP\ISCC\第二阶段\HolyGrail.md","2025-05-01 20:24:00"
"01-刷题笔记\比赛WP\ISCC\第二阶段\mutsumi.md","2025-05-03 21:01:00"
"01-刷题笔记\比赛WP\ISCC\第二阶段\program.md","2025-05-05 21:38:00"
"01-刷题笔记\比赛WP\ISCC\第二阶段\SecretGrid.md","2025-05-06 22:15:00"
"01-刷题笔记\比赛WP\ISCC\总决赛\安卓-叽米是梦的开场白.md","2025-05-08 22:52:00"
"01-刷题笔记\比赛WP\ISCC\总决赛\安卓-GGAD.md","2025-05-10 23:29:00"
"01-刷题笔记\比赛WP\moe2025\Crypto\入门.md","2025-05-11 00:06:00"
"01-刷题笔记\日常题单\电子取证\第二届盘古石杯决赛 WP.md","2025-05-13 00:43:00"
"01-刷题笔记\日常题单\电子取证\第一届盘古石杯.md","2025-05-15 01:20:00"
"01-刷题笔记\日常题单\Crypto.md","2025-05-16 01:57:00"
"01-刷题笔记\日常题单\Crypto\抱我.md","2025-05-18 02:34:00"
"01-刷题笔记\日常题单\Crypto\给你d又怎样.md","2025-05-20 03:11:00"
"01-刷题笔记\日常题单\Crypto\混合密码体系.md","2025-05-21 03:48:00"
"01-刷题笔记\日常题单\Crypto\简单的LFSR.md","2025-05-23 04:25:00"
"01-刷题笔记\日常题单\Crypto\简单密码.md","2025-05-25 05:02:00"
"01-刷题笔记\日常题单\Crypto\进制转换.md","2025-05-26 05:39:00"
"01-刷题笔记\日常题单\Crypto\凯撒大帝的征讨之路.md","2025-05-28 06:16:00"
"01-刷题笔记\日常题单\Crypto\羊城杯 2021Bigrsa.md","2025-05-30 06:53:00"
"01-刷题笔记\日常题单\Crypto\一段简单加密.md","2025-05-31 07:30:00"
"01-刷题笔记\日常题单\Crypto\一段base64（多层套娃）.md","2025-06-02 08:07:00"
"01-刷题笔记\日常题单\Crypto\月月的爱情故事.md","2025-06-04 08:44:00"
"01-刷题笔记\日常题单\Crypto\BASe64变形.md","2025-06-06 09:21:00"
"01-刷题笔记\日常题单\Crypto\base家族套娃.md","2025-06-07 09:58:00"
"01-刷题笔记\日常题单\Crypto\Cat_thery.md","2025-06-09 10:35:00"
"01-刷题笔记\日常题单\Crypto\ez_rsasasa.md","2025-06-11 11:12:00"
"01-刷题笔记\日常题单\Crypto\ezxor.md","2025-06-12 11:49:00"
"01-刷题笔记\日常题单\Crypto\factor.md","2025-06-14 12:26:00"
"01-刷题笔记\日常题单\Crypto\g4的密码小课堂.md","2025-06-16 13:03:00"
"01-刷题笔记\日常题单\Crypto\GKCTF 2021 XOR.md","2025-06-17 13:40:00"
"01-刷题笔记\日常题单\Crypto\LitCTF 2023你是我的关键词(Keyworld).md","2025-06-19 14:17:00"
"01-刷题笔记\日常题单\Crypto\math_rsa.md","2025-06-21 14:54:00"
"01-刷题笔记\日常题单\Crypto\NSSCTF 2022 Spring Recruit factor.md","2025-06-22 15:31:00"
"01-刷题笔记\日常题单\Crypto\RSA题单\0.目录\0.目录.md","2025-06-24 16:08:00"
"01-刷题笔记\日常题单\Crypto\RSA题单\1.RSA（一）\P0：目录.md","2025-06-26 16:45:00"
"01-刷题笔记\日常题单\Crypto\RSA题单\1.RSA（一）\P1：已知pq.md","2025-06-27 17:22:00"
"01-刷题笔记\日常题单\Crypto\RSA题单\1.RSA（一）\P2：对n进行攻击.md","2025-06-29 17:59:00"
"01-刷题笔记\日常题单\Crypto\RSA题单\1.RSA（一）\P3：yafu.md","2025-07-01 18:36:00"
"01-刷题笔记\日常题单\Crypto\RSA题单\1.RSA（一）\P4（相邻素数）.md","2025-07-02 19:13:00"
"01-刷题笔记\日常题单\Crypto\RSA题单\1.RSA（一）\P5：费马分解.md","2025-07-04 19:50:00"
"01-刷题笔记\日常题单\Crypto\RSA题单\2.RSA（二）\0.RSA（二）目录.md","2025-07-06 20:27:00"
"01-刷题笔记\日常题单\Crypto\RSA题单\2.RSA（二）\1.小明文攻击.md","2025-07-07 21:04:00"
"01-刷题笔记\日常题单\Crypto\RSA题单\2.RSA（二）\2.低加密指数攻击.md","2025-07-09 21:41:00"
"01-刷题笔记\日常题单\Crypto\RSA题单\2.RSA（二）\3.Rabin算法攻击.md","2025-07-11 22:18:00"
"01-刷题笔记\日常题单\Crypto\RSA题单\2.RSA（二）\4.Wiener攻击.md","2025-07-12 22:55:00"
"01-刷题笔记\日常题单\Crypto\RSA题单\2.RSA（二）\5.低加密指数广播攻击.md","2025-07-14 23:32:00"
"01-刷题笔记\日常题单\Crypto\RSA题单\3.RSA（三）\P0.RSA（三）目录.md","2025-07-16 00:09:00"
"01-刷题笔记\日常题单\Crypto\RSA题单\4.RSA（四）\P0.RSA（四）目录.md","2025-07-17 00:46:00"
"01-刷题笔记\日常题单\Crypto\RSA题单\P1.md","2025-07-19 01:23:00"
"01-刷题笔记\日常题单\Crypto\RSA题单\P2.md","2025-07-21 02:00:00"
"01-刷题笔记\日常题单\Crypto\RSA题单\P3.md","2025-07-22 02:37:00"
"01-刷题笔记\日常题单\Crypto\RSA题单\P4.md","2025-07-24 03:14:00"
"01-刷题笔记\日常题单\Crypto\RSA题单\P5.md","2025-07-26 03:51:00"
"01-刷题笔记\日常题单\Crypto\SWPU 2020 happy.md","2025-07-28 04:28:00"
"01-刷题笔记\日常题单\Crypto\SWPUCTF 2021 新生赛 crypto5.md","2025-07-29 05:05:00"
"01-刷题笔记\日常题单\Crypto\SWPUCTF 2021 新生赛 crypto6.md","2025-07-31 05:42:00"
"01-刷题笔记\日常题单\Misc\谜之栅栏.md","2025-08-02 06:19:00"
"01-刷题笔记\日常题单\Misc\损坏的压缩包.md","2025-08-03 06:56:00"
"01-刷题笔记\日常题单\Misc\杂项签到.md","2025-08-05 07:33:00"
"01-刷题笔记\日常题单\PWN\工具指南\CTF-Pwn入门基础工具——Checksec.md","2025-08-07 08:10:00"
"01-刷题笔记\日常题单\PWN\栈溢出.md","2025-08-08 08:47:00"
"01-刷题笔记\日常题单\PWN\栈溢出\pwnstrack.md","2025-08-10 09:24:00"
"01-刷题笔记\日常题单\PWN\栈溢出\repeater.md","2025-08-12 10:01:00"
"01-刷题笔记\日常题单\PWN\repeater.md","2025-08-13 10:38:00"
"01-刷题笔记\日常题单\Reverse\简单的逻辑.md","2025-08-15 11:15:00"
"01-刷题笔记\日常题单\Reverse\探索进制的奥秘.md","2025-08-17 11:52:00"
"01-刷题笔记\日常题单\Reverse\一个西瓜切两半你一半我一半.md","2025-08-18 12:29:00"
"01-刷题笔记\日常题单\Reverse\easy_re.md","2025-08-20 13:06:00"
"01-刷题笔记\日常题单\Reverse\Re2.md","2025-08-22 13:43:00"
"01-刷题笔记\日常题单\Reverse\Reverse Java 逆向解密.md","2025-08-23 14:20:00"
"02-原理学习\密码学\古典加密\凯撒密码.md","2025-08-25 14:57:00"
"02-原理学习\密码学\古典加密\希尔加密.md","2025-08-27 15:34:00"
"02-原理学习\密码学\古典加密\Base64加密.md","2025-08-28 16:11:00"
"02-原理学习\密码学\一些工具\安装ciphey的一些碎碎念.md","2025-08-30 16:48:00"
"02-原理学习\密码学\一些工具\大整数进行分解.md","2025-09-01 17:25:00"
"02-原理学习\密码学\一些工具\basecrack.md","2025-09-02 18:02:00"
"02-原理学习\密码学\一些工具\Python Uncompyle6 反编译工具使用 与 Magic Number 详解.md","2025-09-04 18:39:00"
"02-原理学习\密码学\一些工具\yafu使用笔记.md","2025-09-06 19:16:00"
"02-原理学习\密码学\Crypto趣题-剪枝\首尾剪枝.md","2025-09-07 19:53:00"
"02-原理学习\密码学\Crypto趣题-剪枝\特殊剪枝.md","2025-09-09 20:30:00"
"02-原理学习\密码学\CTF Crypto 中涉及的 AES 题目.md","2025-09-11 21:07:00"
"02-原理学习\密码学\CTF中常见Web源码泄露总结.md","2025-09-12 21:44:00"
"02-原理学习\密码学\LCG加密.md","2025-09-14 22:21:00"
"02-原理学习\密码学\LCG加密\LCG题单\LCG—1(异或）.md","2025-09-16 22:58:00"
"02-原理学习\密码学\LCG加密\LCG题单\LCG—2(求初始seed）.md","2025-09-18 23:35:00"
"02-原理学习\密码学\LCG加密\LCG题单\LCG—3(求b）.md","2025-09-19 00:12:00"
"02-原理学习\密码学\LCG加密\LCG题单\LCG—4（求a）.md","2025-09-21 00:49:00"
"02-原理学习\密码学\LCG加密\LCG题单\LCG—5.md","2025-09-23 01:26:00"
"02-原理学习\密码学\LCG加密\LCG题单\LCG—6（seed 80).md","2025-09-24 02:03:00"
"02-原理学习\密码学\LCG加密\LCG题单\LCG—7（二元LCG）.md","2025-09-26 02:40:00"
"02-原理学习\密码学\LCG加密\LCG题单\LCG—8(a,n,output(6),output(7)).md","2025-09-28 03:17:00"
"02-原理学习\密码学\RSA加密算法.md","2025-09-29 03:54:00"
"02-原理学习\密码学\RSA加密算法\RSA基础篇.md","2025-10-01 04:31:00"
"02-原理学习\密码学\RSA加密算法\RSA基础篇\P00.python安装及pycharm配置.md","2025-10-03 05:08:00"
"02-原理学习\密码学\RSA加密算法\RSA基础篇\P01.RSA常用解密代码块（网上收集）.md","2025-10-04 05:45:00"
"02-原理学习\密码学\RSA加密算法\RSA基础篇\P02.gmpy2及相关库安装.md","2025-10-06 06:22:00"
"02-原理学习\密码学\RSA加密算法\RSA基础篇\P03.RSA算法简介及原理.md","2025-10-08 06:59:00"
"02-原理学习\密码学\RSA加密算法\RSA基础篇\P04.RSA基础题目及脚本.md","2025-10-09 07:36:00"
"02-原理学习\密码学\RSA加密算法\RSA基础篇\P05.基于N分解的题目.md","2025-10-11 08:13:00"
"02-原理学习\密码学\RSA加密算法\RSA基础篇\P05.基于N分解的题目\P11.共享素数-N不互素.md","2025-10-13 08:50:00"
"02-原理学习\密码学\RSA加密算法\RSA基础篇\P06.RSA密钥生成与读取.md","2025-10-14 09:27:00"
"02-原理学习\密码学\RSA加密算法\RSA基础篇\P07.已知e _d n 求p q.md","2025-10-16 10:04:00"
"02-原理学习\密码学\RSA加密算法\RSA基础篇\P08.wiener(维纳)攻击.md","2025-10-18 10:41:00"
"02-原理学习\密码学\RSA加密算法\RSA基础篇\P09.低加密指数攻击.md","2025-10-19 11:18:00"
"02-原理学习\密码学\RSA加密算法\RSA基础篇\P10.低加密指数广播攻击.md","2025-10-21 11:55:00"
"02-原理学习\密码学\RSA加密算法\RSA基础篇\P12.dp泄露.md","2025-10-23 12:32:00"
"02-原理学习\密码学\RSA加密算法\RSA基础篇\P13. dp,dq.md","2025-10-24 13:09:00"
"02-原理学习\密码学\RSA加密算法\RSA基础篇\P14.n是p的r次方.md","2025-10-26 13:46:00"
"02-原理学习\密码学\RSA加密算法\RSA基础篇\P15.共模攻击.md","2025-10-28 14:23:00"
"02-原理学习\密码学\RSA加密算法\RSA基础篇\P16.N分解三个素数.md","2025-10-29 15:00:00"
"02-原理学习\密码学\RSA加密算法\RSA基础篇\P17.e和phi_n不互素.md","2025-10-31 15:37:00"
"02-原理学习\密码学\RSA加密算法\RSA基础篇\P19.Franklin-Reiter攻击脚本.md","2025-11-02 16:14:00"
"02-原理学习\密码学\RSA加密算法\RSA基础篇\P20 P+1或p-1光滑.md","2025-11-03 16:51:00"
"02-原理学习\密码学\RSA加密算法\RSA基础篇\P21.dp泄露变种之e较大.md","2025-11-05 17:28:00"
"02-原理学习\密码学\RSA加密算法\RSA基础篇\P22单素数rsa.md","2025-11-07 18:05:00"
"02-原理学习\密码学\RSA加密算法\RSA基础篇\P23 反素数.md","2025-11-09 18:42:00"
"02-原理学习\密码学\RSA加密算法\RSA基础篇\P24.平方差遍历法.md","2025-11-10 19:19:00"
"02-原理学习\密码学\RSA加密算法\RSA基础篇\P99 零散知识点.md","2025-11-12 19:56:00"
"02-原理学习\密码学\RSA加密算法\RSA加密算法基础之基础简介.md","2025-11-14 20:33:00"
"02-原理学习\密码学\RSA加密算法\RSA加密算法与数论基础.md","2025-11-15 21:10:00"
"02-原理学习\密码学\RSA加密算法\RSA综合脚本利用.md","2025-11-17 21:47:00"
"02-原理学习\密码学\RSA加密算法\RSA综合脚本利用\共模攻击.md","2025-11-19 22:24:00"
"02-原理学习\密码学\RSA加密算法\RSA综合脚本利用\共模攻击+base64隐写.md","2025-11-20 23:01:00"
"02-原理学习\密码学\RSA加密算法\RSA综合脚本利用\维纳攻击（e极大）.md","2025-11-22 23:38:00"
"02-原理学习\密码学\RSA加密算法\RSA综合脚本利用\已知 c1、c2、n1、n2、e的范围 (同公钥（e，n）加密的密文、具有同 q 的公钥加密的密文).md","2025-11-24 00:15:00"
"02-原理学习\密码学\RSA加密算法\RSA综合脚本利用\已知 e、d、c ,求 m.md","2025-11-25 00:52:00"
"02-原理学习\密码学\RSA加密算法\RSA综合脚本利用\已知 e、d、p+q、(p+1)(q+1)、以及密文C，求明文m.md","2025-11-27 01:29:00"
"02-原理学习\密码学\RSA加密算法\RSA综合脚本利用\已知 e、m1、m2、n、pq 接近 ,求原 m.md","2025-11-29 02:06:00"
"02-原理学习\密码学\RSA加密算法\RSA综合脚本利用\已知 e、n、密文 c，求明文 m.md","2025-11-30 02:43:00"
"02-原理学习\密码学\RSA加密算法\RSA综合脚本利用\已知 e、n、c,求导得 pq 解 m.md","2025-12-02 03:20:00"
"02-原理学习\密码学\RSA加密算法\RSA综合脚本利用\已知 e、n、c,由威尔逊定理得 pq 解 m.md","2025-12-04 03:57:00"
"02-原理学习\密码学\RSA加密算法\RSA综合脚本利用\已知 e、p、q，求 d.md","2025-12-05 04:34:00"
"02-原理学习\密码学\RSA加密算法\RSA综合脚本利用\已知 n、e、c、p、q 批量求 m (n 分解) (Roll 按行加密).md","2025-12-07 05:11:00"
"02-原理学习\密码学\RSA加密算法\RSA综合脚本利用\已知 n、e、dp、c，求m (dp 泄露).md","2025-12-09 05:48:00"
"02-原理学习\密码学\RSA加密算法\RSA综合脚本利用\已知 p、n、c、e的范围,求 m.md","2025-12-10 06:25:00"
"02-原理学习\密码学\RSA加密算法\RSA综合脚本利用\已知 p、q、dp、dq、c 求明文 m (dp、dq 泄露).md","2025-12-12 07:02:00"
"02-原理学习\密码学\RSA加密算法\RSA综合脚本利用\已知 public key、密文 c，求明文 m (公钥提取).md","2025-12-14 07:39:00"
"02-原理学习\密码学\RSA加密算法\RSA综合脚本利用\已知多个 n、c (中国剩余定理).md","2025-12-15 08:16:00"
"02-原理学习\密码学\RSA加密算法\RSA综合脚本利用\已知e、p、q、密文c，求明文m.md","2025-12-17 08:53:00"
"02-原理学习\密码学\RSA加密算法\RSA综合脚本利用\e=3 (小公钥指数攻击) (小明文攻击) (tereotyped messages攻击).md","2025-12-19 09:30:00"
"02-原理学习\逆向\二进制逆向\RC4加密解密算法.md","2025-12-20 10:07:00"
"02-原理学习\逆向\pyc反编译.md","2025-12-22 10:44:00"
"02-原理学习\逆向\Tea加密.md","2025-12-24 11:21:00"
"02-原理学习\专题\逆向工程核心原理.md","2025-12-25 11:58:00"
"02-原理学习\专题\校内培训：密码学入门.md","2025-12-27 12:35:00"
"02-原理学习\专题\校内培训：misc入门.md","2025-12-29 13:12:00"
"02-原理学习\专题\CTF夺旗-JAVA考点反编译&XXE&反序列化.md","2025-12-31 13:49:00"
