"page","src","exists"
"2024\10\07\imported\wp-all\山河CTF\第一周\Crypto\factor\index.html","/img/notes/Pasted-image-20241007205445.png","True"
"2024\10\17\imported\scripts-all\RSA基础篇\P20 P+1或p-1光滑\index.html","/img/notes/Pasted-image-20241017181149.png","True"
"2024\10\17\imported\scripts-all\RSA基础篇\P21 dp泄露变种之e较大\index.html","/img/notes/Pasted-image-20241017183342.png","True"
"2024\10\17\imported\wp-all\山河CTF\第二周\worde很大\index.html","/img/notes/Pasted-image-20241017183425.png","True"
"2024\10\25\imported\wp-all\山东信院CTF\CRYPTO\SM\index.html","/img/notes/Pasted-image-20240929110540.png","True"
"2024\11\10\imported\wp-all\2024技能兴鲁\Crypto\BruteCC\index.html","/img/notes/Pasted-image-20241110155358.png","True"
"2024\11\29\imported\wp-all\校内金砖选拔赛\Crypto\cc\index.html","/img/notes/Pasted-image-20241129120135.png","True"
"2024\11\29\imported\wp-all\校内金砖选拔赛\Crypto\cc\index.html","/img/notes/Pasted-image-20241129120553.png","True"
"2024\11\29\imported\wp-all\校内金砖选拔赛\Crypto\cyberchef\index.html","/img/notes/Pasted-image-20241129120629.png","True"
"2024\11\29\imported\wp-all\校内金砖选拔赛\Crypto\cyberchef\index.html","/img/notes/Pasted-image-20241129120726.png","True"
"2024\11\29\imported\wp-all\校内金砖选拔赛\Crypto\Cyberchef2\index.html","/img/notes/Pasted-image-20241129120826.png","True"
"2024\11\29\imported\wp-all\校内金砖选拔赛\Misc\packet\index.html","/img/notes/Pasted-image-20241129125220.png","True"
"2024\11\29\imported\wp-all\校内金砖选拔赛\Misc\packet\index.html","/img/notes/Pasted-image-20241129125301.png","True"
"2025\01\11\ctf_publish_ready\01-刷题笔记\比赛WP\2025 SWPU-NSSCTF 秋季招新入门训练赛\安卓\NSSCTF2025入门题目-凯撒加密\index.html","/assets/image-20250918155102-0x5aykg.png","True"
"2025\01\11\ctf_publish_ready\01-刷题笔记\比赛WP\2025 SWPU-NSSCTF 秋季招新入门训练赛\安卓\NSSCTF2025入门题目-凯撒加密\index.html","/assets/image-20250918155507-d7xo1li.png","True"
"2025\01\12\ctf_publish_ready\01-刷题笔记\比赛WP\2025 SWPU-NSSCTF 秋季招新入门训练赛\安卓\NSSCTF2025入门题目-APK基础理解\index.html","/assets/image-20250918153224-2ua811l.png","True"
"2025\01\12\ctf_publish_ready\01-刷题笔记\比赛WP\2025 SWPU-NSSCTF 秋季招新入门训练赛\安卓\NSSCTF2025入门题目-APK基础理解\index.html","/assets/image-20250918153737-apnjdrb.png","True"
"2025\01\12\ctf_publish_ready\01-刷题笔记\比赛WP\2025 SWPU-NSSCTF 秋季招新入门训练赛\安卓\NSSCTF2025入门题目-APK基础理解\index.html","/assets/image-20250918153821-dzqtjwf.png","True"
"2025\01\12\ctf_publish_ready\01-刷题笔记\比赛WP\2025 SWPU-NSSCTF 秋季招新入门训练赛\安卓\NSSCTF2025入门题目-APK基础理解\index.html","/assets/image-20250918153830-u8w6zgs.png","True"
"2025\01\12\ctf_publish_ready\01-刷题笔记\比赛WP\2025 SWPU-NSSCTF 秋季招新入门训练赛\安卓\NSSCTF2025入门题目-APK基础理解\index.html","/assets/image-20250918153920-ab4my2p.png","True"
"2025\01\12\ctf_publish_ready\01-刷题笔记\比赛WP\2025 SWPU-NSSCTF 秋季招新入门训练赛\安卓\NSSCTF2025入门题目-APK基础理解\index.html","/assets/image-20250918153944-6w1dcv1.png","True"
"2025\01\12\ctf_publish_ready\01-刷题笔记\比赛WP\2025 SWPU-NSSCTF 秋季招新入门训练赛\安卓\NSSCTF2025入门题目-APK基础理解\index.html","/assets/image-20250918154014-kyzy25y.png","True"
"2025\01\12\ctf_publish_ready\01-刷题笔记\比赛WP\2025 SWPU-NSSCTF 秋季招新入门训练赛\安卓\NSSCTF2025入门题目-APK基础理解\index.html","/assets/image-20250918154115-2c1jnqx.png","True"
"2025\01\14\ctf_publish_ready\01-刷题笔记\比赛WP\2025 SWPU-NSSCTF 秋季招新入门训练赛\安卓\NSSCTF2025入门题目-frida\index.html","/assets/image-20250918215853-wc36wrk.png","True"
"2025\01\14\ctf_publish_ready\01-刷题笔记\比赛WP\2025 SWPU-NSSCTF 秋季招新入门训练赛\安卓\NSSCTF2025入门题目-frida\index.html","/assets/image-20250918215903-989qenb.png","True"
"2025\01\14\ctf_publish_ready\01-刷题笔记\比赛WP\2025 SWPU-NSSCTF 秋季招新入门训练赛\安卓\NSSCTF2025入门题目-frida\index.html","/assets/image-20250918220115-e6qza8x.png","True"
"2025\01\14\ctf_publish_ready\01-刷题笔记\比赛WP\2025 SWPU-NSSCTF 秋季招新入门训练赛\安卓\NSSCTF2025入门题目-frida\index.html","/assets/image-20250918220125-6m3d6cf.png","True"
"2025\01\14\ctf_publish_ready\01-刷题笔记\比赛WP\2025 SWPU-NSSCTF 秋季招新入门训练赛\安卓\NSSCTF2025入门题目-frida\index.html","/assets/image-20250918220421-pi0z453.png","True"
"2025\01\14\ctf_publish_ready\01-刷题笔记\比赛WP\2025 SWPU-NSSCTF 秋季招新入门训练赛\安卓\NSSCTF2025入门题目-frida\index.html","/assets/image-20250918220513-v7wrflu.png","True"
"2025\01\14\ctf_publish_ready\01-刷题笔记\比赛WP\2025 SWPU-NSSCTF 秋季招新入门训练赛\安卓\NSSCTF2025入门题目-frida\index.html","/assets/image-20250918220532-gis20t0.png","True"
"2025\01\16\ctf_publish_ready\01-刷题笔记\比赛WP\2025 SWPU-NSSCTF 秋季招新入门训练赛\安卓\NSSCTF2025入门题目-So层加密\index.html","/assets/image-20250918204132-to9udg2.png","True"
"2025\01\16\ctf_publish_ready\01-刷题笔记\比赛WP\2025 SWPU-NSSCTF 秋季招新入门训练赛\安卓\NSSCTF2025入门题目-So层加密\index.html","/assets/image-20250918204320-qthey5i.png","True"
"2025\01\16\ctf_publish_ready\01-刷题笔记\比赛WP\2025 SWPU-NSSCTF 秋季招新入门训练赛\安卓\NSSCTF2025入门题目-So层加密\index.html","/assets/image-20250918204509-eoataez.png","True"
"2025\01\16\ctf_publish_ready\01-刷题笔记\比赛WP\2025 SWPU-NSSCTF 秋季招新入门训练赛\安卓\NSSCTF2025入门题目-So层加密\index.html","/assets/image-20250918204709-u647gbi.png","True"
"2025\01\16\ctf_publish_ready\01-刷题笔记\比赛WP\2025 SWPU-NSSCTF 秋季招新入门训练赛\安卓\NSSCTF2025入门题目-So层加密\index.html","/assets/image-20250918205018-g066atx.png","True"
"2025\01\17\ctf_publish_ready\01-刷题笔记\比赛WP\2025 SWPU-NSSCTF 秋季招新入门训练赛\安卓\NSSCTF2025入门题目-so与java的交互\index.html","/assets/image-20250919122900-vwrqrd2.png","True"
"2025\01\17\ctf_publish_ready\01-刷题笔记\比赛WP\2025 SWPU-NSSCTF 秋季招新入门训练赛\安卓\NSSCTF2025入门题目-so与java的交互\index.html","/assets/image-20250919123459-2dmec36.png","True"
"2025\01\17\ctf_publish_ready\01-刷题笔记\比赛WP\2025 SWPU-NSSCTF 秋季招新入门训练赛\安卓\NSSCTF2025入门题目-so与java的交互\index.html","/assets/image-20250919124051-6plxfg8.png","True"
"2025\01\17\ctf_publish_ready\01-刷题笔记\比赛WP\2025 SWPU-NSSCTF 秋季招新入门训练赛\安卓\NSSCTF2025入门题目-so与java的交互\index.html","/assets/image-20250919124139-kz93qqg.png","True"
"2025\01\17\ctf_publish_ready\01-刷题笔记\比赛WP\2025 SWPU-NSSCTF 秋季招新入门训练赛\安卓\NSSCTF2025入门题目-so与java的交互\index.html","/assets/image-20250919124226-i2eae50.png","True"
"2025\01\17\ctf_publish_ready\01-刷题笔记\比赛WP\2025 SWPU-NSSCTF 秋季招新入门训练赛\安卓\NSSCTF2025入门题目-so与java的交互\index.html","/assets/image-20250919124314-kxda577.png","True"
"2025\01\19\ctf_publish_ready\01-刷题笔记\比赛WP\2025 SWPU-NSSCTF 秋季招新入门训练赛\Crypto\家人们！谁懂啊，RSA签到都不会 (初级)\index.html","/assets/image-20250924170604-wq3s256.png","True"
"2025\01\21\ctf_publish_ready\01-刷题笔记\比赛WP\2025 SWPU-NSSCTF 秋季招新入门训练赛\Crypto\拟态签到题\index.html","/assets/image-20250924165352-vpw2g9z.png","True"
"2025\01\29\ctf_publish_ready\01-刷题笔记\比赛WP\2025 SWPU-NSSCTF 秋季招新入门训练赛\Crypto\crypto1\index.html","/assets/image-20250926111747-189ionx.png","True"
"2025\02\03\ctf_publish_ready\01-刷题笔记\比赛WP\2025 SWPU-NSSCTF 秋季招新入门训练赛\Crypto\crypto6\index.html","/assets/image-20250924164711-h8q58n4.png","True"
"2025\02\05\ctf_publish_ready\01-刷题笔记\比赛WP\2025 SWPU-NSSCTF 秋季招新入门训练赛\Crypto\crypto7\index.html","/assets/image-20250924165235-s5ouas5.png","True"
"2025\02\08\ctf_publish_ready\01-刷题笔记\比赛WP\2025 SWPU-NSSCTF 秋季招新入门训练赛\Crypto\factordb (中级)\index.html","/assets/image-20250924171326-83hmn14.png","True"
"2025\02\11\ctf_publish_ready\01-刷题笔记\比赛WP\2025 SWPU-NSSCTF 秋季招新入门训练赛\Crypto\Is this only base\index.html","/assets/image-20250926111113-18gm3h5.png","True"
"2025\02\11\ctf_publish_ready\01-刷题笔记\比赛WP\2025 SWPU-NSSCTF 秋季招新入门训练赛\Crypto\Is this only base\index.html","/assets/image-20250926111150-hmnj4vl.png","True"
"2025\02\11\ctf_publish_ready\01-刷题笔记\比赛WP\2025 SWPU-NSSCTF 秋季招新入门训练赛\Crypto\Is this only base\index.html","/assets/image-20250926111215-e0mz1m3.png","True"
"2025\02\15\ctf_publish_ready\01-刷题笔记\比赛WP\2025 SWPU-NSSCTF 秋季招新入门训练赛\Crypto\Vigenère\index.html","/assets/image-20250926111411-19ifmir.png","True"
"2025\02\16\ctf_publish_ready\01-刷题笔记\比赛WP\2025 SWPU-NSSCTF 秋季招新入门训练赛\Crypto\yafu (中级)\index.html","/assets/image-20250924170856-ge0ehq6.png","True"
"2025\02\18\ctf_publish_ready\01-刷题笔记\比赛WP\2025 SWPU-NSSCTF 秋季招新入门训练赛\RE\NSSCTF2025入门题目-Base64\index.html","/assets/image-20250925222215-c6hkwrl.png","True"
"2025\02\18\ctf_publish_ready\01-刷题笔记\比赛WP\2025 SWPU-NSSCTF 秋季招新入门训练赛\RE\NSSCTF2025入门题目-Base64\index.html","/assets/image-20250925222431-z3wsnab.png","True"
"2025\02\18\ctf_publish_ready\01-刷题笔记\比赛WP\2025 SWPU-NSSCTF 秋季招新入门训练赛\RE\NSSCTF2025入门题目-Base64\index.html","/assets/image-20250925222556-o1fzlyr.png","True"
"2025\02\18\ctf_publish_ready\01-刷题笔记\比赛WP\2025 SWPU-NSSCTF 秋季招新入门训练赛\RE\NSSCTF2025入门题目-Base64\index.html","/assets/image-20250925222722-mzq3klt.png","True"
"2025\02\20\ctf_publish_ready\01-刷题笔记\比赛WP\2025 SWPU-NSSCTF 秋季招新入门训练赛\RE\NSSCTF2025入门题目-Debug\index.html","/assets/image-20250925222812-3p6z2ed.png","True"
"2025\02\20\ctf_publish_ready\01-刷题笔记\比赛WP\2025 SWPU-NSSCTF 秋季招新入门训练赛\RE\NSSCTF2025入门题目-Debug\index.html","/assets/image-20250925222853-wp2jhgc.png","True"
"2025\02\20\ctf_publish_ready\01-刷题笔记\比赛WP\2025 SWPU-NSSCTF 秋季招新入门训练赛\RE\NSSCTF2025入门题目-Debug\index.html","/assets/QQ_1758810636426-20250925223041-fa34dl2.png","True"
"2025\02\22\ctf_publish_ready\01-刷题笔记\比赛WP\2025 SWPU-NSSCTF 秋季招新入门训练赛\RE\NSSCTF2025入门题目-Maze\index.html","/assets/image-20250926154735-933hefp.png","True"
"2025\02\22\ctf_publish_ready\01-刷题笔记\比赛WP\2025 SWPU-NSSCTF 秋季招新入门训练赛\RE\NSSCTF2025入门题目-Maze\index.html","/assets/image-20250926155226-o1322nu.png","True"
"2025\02\22\ctf_publish_ready\01-刷题笔记\比赛WP\2025 SWPU-NSSCTF 秋季招新入门训练赛\RE\NSSCTF2025入门题目-Maze\index.html","/assets/image-20250926155439-mumhvh2.png","True"
"2025\02\22\ctf_publish_ready\01-刷题笔记\比赛WP\2025 SWPU-NSSCTF 秋季招新入门训练赛\RE\NSSCTF2025入门题目-Maze\index.html","/assets/image-20250926160221-ekg0151.png","True"
"2025\02\22\ctf_publish_ready\01-刷题笔记\比赛WP\2025 SWPU-NSSCTF 秋季招新入门训练赛\RE\NSSCTF2025入门题目-Maze\index.html","/assets/image-20250926160316-yd6uslz.png","True"
"2025\02\22\ctf_publish_ready\01-刷题笔记\比赛WP\2025 SWPU-NSSCTF 秋季招新入门训练赛\RE\NSSCTF2025入门题目-Maze\index.html","/assets/image-20250926160340-onaa0ep.png","True"
"2025\02\22\ctf_publish_ready\01-刷题笔记\比赛WP\2025 SWPU-NSSCTF 秋季招新入门训练赛\RE\NSSCTF2025入门题目-Maze\index.html","/assets/image-20250926160419-k70pshy.png","True"
"2025\02\22\ctf_publish_ready\01-刷题笔记\比赛WP\2025 SWPU-NSSCTF 秋季招新入门训练赛\RE\NSSCTF2025入门题目-Maze\index.html","/assets/image-20250926160521-dxoxtrg.png","True"
"2025\02\23\ctf_publish_ready\01-刷题笔记\比赛WP\2025 SWPU-NSSCTF 秋季招新入门训练赛\RE\NSSCTF2025入门题目-pyc\index.html","/assets/image-20250926091748-v6rgxk1.png","True"
"2025\02\23\ctf_publish_ready\01-刷题笔记\比赛WP\2025 SWPU-NSSCTF 秋季招新入门训练赛\RE\NSSCTF2025入门题目-pyc\index.html","/assets/image-20250926092243-lq86ck9.png","True"
"2025\02\23\ctf_publish_ready\01-刷题笔记\比赛WP\2025 SWPU-NSSCTF 秋季招新入门训练赛\RE\NSSCTF2025入门题目-pyc\index.html","/assets/image-20250926092401-8m1pceh.png","True"
"2025\02\23\ctf_publish_ready\01-刷题笔记\比赛WP\2025 SWPU-NSSCTF 秋季招新入门训练赛\RE\NSSCTF2025入门题目-pyc\index.html","/assets/image-20250926092433-51rugqs.png","True"
"2025\02\23\ctf_publish_ready\01-刷题笔记\比赛WP\2025 SWPU-NSSCTF 秋季招新入门训练赛\RE\NSSCTF2025入门题目-pyc\index.html","/assets/image-20250926093202-ft304gl.png","True"
"2025\02\23\ctf_publish_ready\01-刷题笔记\比赛WP\2025 SWPU-NSSCTF 秋季招新入门训练赛\RE\NSSCTF2025入门题目-pyc\index.html","/assets/image-20250926093238-xj88cld.png","True"
"2025\02\23\ctf_publish_ready\01-刷题笔记\比赛WP\2025 SWPU-NSSCTF 秋季招新入门训练赛\RE\NSSCTF2025入门题目-pyc\index.html","/assets/image-20250926093318-ssv7z5a.png","True"
"2025\02\25\ctf_publish_ready\01-刷题笔记\比赛WP\2025 SWPU-NSSCTF 秋季招新入门训练赛\RE\NSSCTF2025入门题目-Unity\index.html","/assets/image-20250926152440-bhz8i1n.png","True"
"2025\02\25\ctf_publish_ready\01-刷题笔记\比赛WP\2025 SWPU-NSSCTF 秋季招新入门训练赛\RE\NSSCTF2025入门题目-Unity\index.html","/assets/image-20250926152555-stvc1ij.png","True"
"2025\02\25\ctf_publish_ready\01-刷题笔记\比赛WP\2025 SWPU-NSSCTF 秋季招新入门训练赛\RE\NSSCTF2025入门题目-Unity\index.html","/assets/image-20250926153358-e19suqn.png","True"
"2025\02\25\ctf_publish_ready\01-刷题笔记\比赛WP\2025 SWPU-NSSCTF 秋季招新入门训练赛\RE\NSSCTF2025入门题目-Unity\index.html","/assets/image-20250926153440-g4eqm9u.png","True"
"2025\02\25\ctf_publish_ready\01-刷题笔记\比赛WP\2025 SWPU-NSSCTF 秋季招新入门训练赛\RE\NSSCTF2025入门题目-Unity\index.html","/assets/QQ_1758872309252-20250926153832-6eusbq7.png","True"
"2025\02\25\ctf_publish_ready\01-刷题笔记\比赛WP\2025 SWPU-NSSCTF 秋季招新入门训练赛\RE\NSSCTF2025入门题目-Unity\index.html","/assets/QQ_1758872407944-20250926154023-yndn6mm.png","True"
"2025\02\25\ctf_publish_ready\01-刷题笔记\比赛WP\2025 SWPU-NSSCTF 秋季招新入门训练赛\RE\NSSCTF2025入门题目-Unity\index.html","/assets/QQ_1758872475335-20250926154118-xda3uhy.png","True"
"2025\02\25\ctf_publish_ready\01-刷题笔记\比赛WP\2025 SWPU-NSSCTF 秋季招新入门训练赛\RE\NSSCTF2025入门题目-Unity\index.html","/assets/QQ_1758872536962-20250926154236-0falqvk.png","True"
"2025\02\27\ctf_publish_ready\01-刷题笔记\比赛WP\2025 SWPU-NSSCTF 秋季招新入门训练赛\RE\NSSCTF2025入门题目-Xor\index.html","/assets/image-20250925221854-jf9xz0y.png","True"
"2025\02\27\ctf_publish_ready\01-刷题笔记\比赛WP\2025 SWPU-NSSCTF 秋季招新入门训练赛\RE\NSSCTF2025入门题目-Xor\index.html","/assets/image-20250925221956-htlcz1f.png","True"
"2025\02\28\ctf_publish_ready\01-刷题笔记\比赛WP\技能兴鲁\index.html","/assets/image-20250909165750-7sh8n5e.png","True"
"2025\02\28\ctf_publish_ready\01-刷题笔记\比赛WP\技能兴鲁\index.html","/assets/image-20250909142713-66002qt.png","True"
"2025\02\28\ctf_publish_ready\01-刷题笔记\比赛WP\技能兴鲁\index.html","/assets/image-20250909142807-hkql300.png","True"
"2025\02\28\ctf_publish_ready\01-刷题笔记\比赛WP\技能兴鲁\index.html","/assets/image-20250909164320-xt0c7lp.png","True"
"2025\02\28\ctf_publish_ready\01-刷题笔记\比赛WP\技能兴鲁\index.html","/assets/image-20250909164454-5o3891d.png","True"
"2025\02\28\ctf_publish_ready\01-刷题笔记\比赛WP\技能兴鲁\index.html","/assets/image-20250909164955-oyvinwz.png","True"
"2025\02\28\ctf_publish_ready\01-刷题笔记\比赛WP\技能兴鲁\index.html","/assets/image-20250911172216-93nxcxg.png","True"
"2025\02\28\ctf_publish_ready\01-刷题笔记\比赛WP\技能兴鲁\index.html","/assets/image-20250911172424-k9t7bsq.png","True"
"2025\02\28\ctf_publish_ready\01-刷题笔记\比赛WP\技能兴鲁\index.html","/assets/image-20250909165117-68cuine.png","True"
"2025\02\28\ctf_publish_ready\01-刷题笔记\比赛WP\技能兴鲁\index.html","/assets/image-20250911171234-24aiuqk.png","True"
"2025\03\02\ctf_publish_ready\01-刷题笔记\比赛WP\金砖\index.html","/assets/image-20251126092757-knwb8t4.png","True"
"2025\03\02\ctf_publish_ready\01-刷题笔记\比赛WP\金砖\index.html","/assets/image-20251126092849-l4ssjau.png","True"
"2025\03\02\ctf_publish_ready\01-刷题笔记\比赛WP\金砖\index.html","/assets/image-20251126093755-oxhh6dk.png","True"
"2025\03\02\ctf_publish_ready\01-刷题笔记\比赛WP\金砖\index.html","/assets/image-20251126104727-5f1no90.png","True"
"2025\03\02\ctf_publish_ready\01-刷题笔记\比赛WP\金砖\index.html","/assets/image-20251126105123-jcmhuen.png","True"
"2025\03\02\ctf_publish_ready\01-刷题笔记\比赛WP\金砖\index.html","/assets/image-20251126105727-5j5id56.png","True"
"2025\03\04\ctf_publish_ready\01-刷题笔记\比赛WP\蓝桥杯wp\index.html","/assets/image-20250426093802-i4ddeq2.png","True"
"2025\03\04\ctf_publish_ready\01-刷题笔记\比赛WP\蓝桥杯wp\index.html","/assets/image-20250426093813-dpixuu7.png","True"
"2025\03\04\ctf_publish_ready\01-刷题笔记\比赛WP\蓝桥杯wp\index.html","/assets/image-20250426095712-eqpwf8w.png","True"
"2025\03\04\ctf_publish_ready\01-刷题笔记\比赛WP\蓝桥杯wp\index.html","/assets/image-20250426113038-740me66.png","True"
"2025\03\04\ctf_publish_ready\01-刷题笔记\比赛WP\蓝桥杯wp\index.html","/assets/image-20250426113230-nldbt81.png","True"
"2025\03\04\ctf_publish_ready\01-刷题笔记\比赛WP\蓝桥杯wp\index.html","/assets/image-20250426113833-wo0xdkc.png","True"
"2025\03\04\ctf_publish_ready\01-刷题笔记\比赛WP\蓝桥杯wp\index.html","/assets/image-20250426113934-zo8765s.png","True"
"2025\03\04\ctf_publish_ready\01-刷题笔记\比赛WP\蓝桥杯wp\index.html","/assets/image-20250426114022-7i6o13v.png","True"
"2025\03\04\ctf_publish_ready\01-刷题笔记\比赛WP\蓝桥杯wp\index.html","/assets/image-20250426114102-31418hk.png","True"
"2025\03\04\ctf_publish_ready\01-刷题笔记\比赛WP\蓝桥杯wp\index.html","/assets/image-20250426114154-8icgn8r.png","True"
"2025\03\04\ctf_publish_ready\01-刷题笔记\比赛WP\蓝桥杯wp\index.html","/assets/image-20250426114503-20z1bpo.png","True"
"2025\03\04\ctf_publish_ready\01-刷题笔记\比赛WP\蓝桥杯wp\index.html","/assets/image-20250426114609-oy24nmm.png","True"
"2025\03\04\ctf_publish_ready\01-刷题笔记\比赛WP\蓝桥杯wp\index.html","/assets/image-20250426115103-akf89bv.png","True"
"2025\03\04\ctf_publish_ready\01-刷题笔记\比赛WP\蓝桥杯wp\index.html","/assets/1745646162346-20250426134314-d896ord.png","True"
"2025\03\04\ctf_publish_ready\01-刷题笔记\比赛WP\蓝桥杯wp\index.html","/assets/image-20250426134525-qlg9b43.png","True"
"2025\03\04\ctf_publish_ready\01-刷题笔记\比赛WP\蓝桥杯wp\index.html","/assets/image-20250426132700-gtdn3l0.png","True"
"2025\03\04\ctf_publish_ready\01-刷题笔记\比赛WP\蓝桥杯wp\index.html","/assets/image-20250426133038-9ocejnd.png","True"
"2025\03\04\ctf_publish_ready\01-刷题笔记\比赛WP\蓝桥杯wp\index.html","/assets/image-20250426133131-q8w1ts2.png","True"
"2025\03\04\ctf_publish_ready\01-刷题笔记\比赛WP\蓝桥杯wp\index.html","/assets/image-20250426132917-1whobez.png","True"
"2025\03\04\ctf_publish_ready\01-刷题笔记\比赛WP\蓝桥杯wp\index.html","/assets/image-20250426132606-b8hu1ms.png","True"
"2025\03\04\ctf_publish_ready\01-刷题笔记\比赛WP\蓝桥杯wp\index.html","/assets/image-20250426132638-g23k902.png","True"
"2025\04\16\ctf_publish_ready\01-刷题笔记\比赛WP\铸网决赛\index.html","/assets/image-20250923112034-cpc6xg1.png","True"
"2025\04\16\ctf_publish_ready\01-刷题笔记\比赛WP\铸网决赛\index.html","/assets/image-20250923112108-dnlym0r.png","True"
"2025\04\16\ctf_publish_ready\01-刷题笔记\比赛WP\铸网决赛\index.html","/assets/image-20250923112128-ljcqvsu.png","True"
"2025\04\16\ctf_publish_ready\01-刷题笔记\比赛WP\铸网决赛\index.html","/assets/image-20250923112149-rm8d4sp.png","True"
"2025\04\16\ctf_publish_ready\01-刷题笔记\比赛WP\铸网决赛\index.html","/assets/image-20250923112221-vhvb9q1.png","True"
"2025\04\18\ctf_publish_ready\01-刷题笔记\比赛WP\ISCC\index.html","/assets/image-20250515164153-iwkf1l3.png","True"
"2025\04\18\ctf_publish_ready\01-刷题笔记\比赛WP\ISCC\index.html","/assets/image-20250515165328-qamt7hv.png","True"
"2025\04\18\ctf_publish_ready\01-刷题笔记\比赛WP\ISCC\index.html","/assets/image-20250515165304-x29dhll.png","True"
"2025\04\18\ctf_publish_ready\01-刷题笔记\比赛WP\ISCC\index.html","/assets/image-20250515174454-59pmx82.png","True"
"2025\04\18\ctf_publish_ready\01-刷题笔记\比赛WP\ISCC\index.html","/assets/image-20250515174514-ere40ip.png","True"
"2025\04\20\ctf_publish_ready\01-刷题笔记\比赛WP\ISCC\第二阶段\邦布出击\index.html","/assets/image-20250515164153-iwkf1l3.png","True"
"2025\04\20\ctf_publish_ready\01-刷题笔记\比赛WP\ISCC\第二阶段\邦布出击\index.html","/assets/image-20250515165328-qamt7hv.png","True"
"2025\04\20\ctf_publish_ready\01-刷题笔记\比赛WP\ISCC\第二阶段\邦布出击\index.html","/assets/image-20250515165304-x29dhll.png","True"
"2025\04\20\ctf_publish_ready\01-刷题笔记\比赛WP\ISCC\第二阶段\邦布出击\index.html","/assets/83439b160a253968d2fc33581db1575-20250515211459-gzjfj5e.png","True"
"2025\04\21\ctf_publish_ready\01-刷题笔记\比赛WP\ISCC\第二阶段\有趣的小游戏\index.html","/assets/image-20250515214641-lr7tsuw.png","True"
"2025\04\21\ctf_publish_ready\01-刷题笔记\比赛WP\ISCC\第二阶段\有趣的小游戏\index.html","/assets/image-20250515214708-azuechf.png","True"
"2025\04\21\ctf_publish_ready\01-刷题笔记\比赛WP\ISCC\第二阶段\有趣的小游戏\index.html","/assets/image-20250515214740-1l9iyv4.png","True"
"2025\04\23\ctf_publish_ready\01-刷题笔记\比赛WP\ISCC\第二阶段\Detective\index.html","/assets/image-20250515174454-59pmx82.png","True"
"2025\04\23\ctf_publish_ready\01-刷题笔记\比赛WP\ISCC\第二阶段\Detective\index.html","/assets/image-20250515174514-ere40ip.png","True"
"2025\04\25\ctf_publish_ready\01-刷题笔记\比赛WP\ISCC\第二阶段\faze\index.html","/assets/image-20250515205024-sd2olv7.png","True"
"2025\04\25\ctf_publish_ready\01-刷题笔记\比赛WP\ISCC\第二阶段\faze\index.html","/assets/image-20250515205248-2d6992j.png","True"
"2025\04\25\ctf_publish_ready\01-刷题笔记\比赛WP\ISCC\第二阶段\faze\index.html","/assets/image-20250515205355-btr0n3m.png","True"
"2025\04\25\ctf_publish_ready\01-刷题笔记\比赛WP\ISCC\第二阶段\faze\index.html","/assets/image-20250515205428-otto4mj.png","True"
"2025\04\26\ctf_publish_ready\01-刷题笔记\比赛WP\ISCC\第二阶段\Fufu\index.html","/assets/image-20250515210305-cyuhkcq.png","True"
"2025\04\28\ctf_publish_ready\01-刷题笔记\比赛WP\ISCC\第二阶段\genius\index.html","/assets/image-20250515210654-gor3vo8.png","True"
"2025\04\30\ctf_publish_ready\01-刷题笔记\比赛WP\ISCC\第二阶段\greeting\index.html","/assets/image-20250515204554-3zudtuc.png","True"
"2025\04\30\ctf_publish_ready\01-刷题笔记\比赛WP\ISCC\第二阶段\greeting\index.html","/assets/image-20250515204609-kjz4khl.png","True"
"2025\04\30\ctf_publish_ready\01-刷题笔记\比赛WP\ISCC\第二阶段\greeting\index.html","/assets/image-20250515204628-1fr8p9w.png","True"
"2025\04\30\ctf_publish_ready\01-刷题笔记\比赛WP\ISCC\第二阶段\greeting\index.html","/assets/image-20250515204714-ysi2435.png","True"
"2025\05\01\ctf_publish_ready\01-刷题笔记\比赛WP\ISCC\第二阶段\HolyGrail\index.html","/assets/image-20250515212756-b2daabc.png","True"
"2025\05\01\ctf_publish_ready\01-刷题笔记\比赛WP\ISCC\第二阶段\HolyGrail\index.html","/assets/image-20250515212826-7rl3w43.png","True"
"2025\05\03\ctf_publish_ready\01-刷题笔记\比赛WP\ISCC\第二阶段\mutsumi\index.html","/assets/image-20250515214401-gg0x8f7.png","True"
"2025\05\05\ctf_publish_ready\01-刷题笔记\比赛WP\ISCC\第二阶段\program\index.html","/assets/image-20250515205626-pr46jza.png","True"
"2025\05\06\ctf_publish_ready\01-刷题笔记\比赛WP\ISCC\第二阶段\SecretGrid\index.html","/assets/image-20250515213929-q8s6bwp.png","True"
"2025\05\06\ctf_publish_ready\01-刷题笔记\比赛WP\ISCC\第二阶段\SecretGrid\index.html","/assets/image-20250515214015-t8421r1.png","True"
"2025\05\08\ctf_publish_ready\01-刷题笔记\比赛WP\ISCC\总决赛\安卓-叽米是梦的开场白\index.html","/assets/image-20250517121520-9z8hxys.png","True"
"2025\05\08\ctf_publish_ready\01-刷题笔记\比赛WP\ISCC\总决赛\安卓-叽米是梦的开场白\index.html","/assets/image-20250517121535-xadhtjj.png","True"
"2025\05\08\ctf_publish_ready\01-刷题笔记\比赛WP\ISCC\总决赛\安卓-叽米是梦的开场白\index.html","/assets/image-20250517121602-41nay85.png","True"
"2025\05\08\ctf_publish_ready\01-刷题笔记\比赛WP\ISCC\总决赛\安卓-叽米是梦的开场白\index.html","/assets/image-20250517121628-pp74lij.png","True"
"2025\05\08\ctf_publish_ready\01-刷题笔记\比赛WP\ISCC\总决赛\安卓-叽米是梦的开场白\index.html","/assets/image-20250517121852-86594z7.png","True"
"2025\05\08\ctf_publish_ready\01-刷题笔记\比赛WP\ISCC\总决赛\安卓-叽米是梦的开场白\index.html","/assets/image-20250517122005-xyecal3.png","True"
"2025\05\08\ctf_publish_ready\01-刷题笔记\比赛WP\ISCC\总决赛\安卓-叽米是梦的开场白\index.html","/assets/image-20250517122048-hz8zlla.png","True"
"2025\05\08\ctf_publish_ready\01-刷题笔记\比赛WP\ISCC\总决赛\安卓-叽米是梦的开场白\index.html","/assets/image-20250517122450-71xnhe4.png","True"
"2025\05\08\ctf_publish_ready\01-刷题笔记\比赛WP\ISCC\总决赛\安卓-叽米是梦的开场白\index.html","/assets/image-20250517122510-cexppwc.png","True"
"2025\05\08\ctf_publish_ready\01-刷题笔记\比赛WP\ISCC\总决赛\安卓-叽米是梦的开场白\index.html","/assets/image-20250517124143-t1krkc6.png","True"
"2025\05\10\ctf_publish_ready\01-刷题笔记\比赛WP\ISCC\总决赛\安卓-GGAD\index.html","/assets/image-20250517093621-vxscu5d.png","True"
"2025\05\10\ctf_publish_ready\01-刷题笔记\比赛WP\ISCC\总决赛\安卓-GGAD\index.html","/assets/image-20250517093857-mjchozy.png","True"
"2025\05\10\ctf_publish_ready\01-刷题笔记\比赛WP\ISCC\总决赛\安卓-GGAD\index.html","/assets/image-20250517094033-du3jrhd.png","True"
"2025\05\10\ctf_publish_ready\01-刷题笔记\比赛WP\ISCC\总决赛\安卓-GGAD\index.html","/assets/image-20250517095448-eds9xee.png","True"
"2025\05\10\ctf_publish_ready\01-刷题笔记\比赛WP\ISCC\总决赛\安卓-GGAD\index.html","/assets/image-20250517095533-cq5x76k.png","True"
"2025\05\10\ctf_publish_ready\01-刷题笔记\比赛WP\ISCC\总决赛\安卓-GGAD\index.html","/assets/image-20250517101031-rd47ssy.png","True"
"2025\05\10\ctf_publish_ready\01-刷题笔记\比赛WP\ISCC\总决赛\安卓-GGAD\index.html","/assets/image-20250517101756-b667d76.png","True"
"2025\05\10\ctf_publish_ready\01-刷题笔记\比赛WP\ISCC\总决赛\安卓-GGAD\index.html","/assets/image-20250517101852-j2pt5qa.png","True"
"2025\05\11\ctf_publish_ready\01-刷题笔记\比赛WP\moe2025\Crypto\入门\index.html","/assets/image-20250924162951-pqzgvib.png","True"
"2025\05\11\ctf_publish_ready\01-刷题笔记\比赛WP\moe2025\Crypto\入门\index.html","/assets/image-20250924163005-yihegzo.png","True"
"2025\05\23\ctf_publish_ready\01-刷题笔记\日常题单\Crypto\简单的LFSR\index.html","/assets/image-20250318190200-ybwklbr.png","True"
"2025\05\23\ctf_publish_ready\01-刷题笔记\日常题单\Crypto\简单的LFSR\index.html","/assets/image-20250318190444-qphx5m9.png","True"
"2025\06\09\ctf_publish_ready\01-刷题笔记\日常题单\Crypto\Cat_thery\index.html","/assets/image-20250317190258-9ahtz3f.png","True"
"2025\06\09\ctf_publish_ready\01-刷题笔记\日常题单\Crypto\Cat_thery\index.html","/assets/%E6%8F%90%E7%A4%BA%EF%BC%9A%E5%B0%8F%E7%8C%AB%E7%BB%99%E4%BA%86%E4%BD%A0%E4%B8%80%E5%BC%A0%E4%BA%A4%E6%8D%A2%E5%9B%BE-20250317190325-yqx4rmr.jpg","True"
"2025\06\16\ctf_publish_ready\01-刷题笔记\日常题单\Crypto\g4的密码小课堂\index.html","/assets/image-20250414211121-4pb3ba7.png","True"
"2025\06\16\ctf_publish_ready\01-刷题笔记\日常题单\Crypto\g4的密码小课堂\index.html","/assets/image-20250414212635-nljk674.png","True"
"2025\06\16\ctf_publish_ready\01-刷题笔记\日常题单\Crypto\g4的密码小课堂\index.html","/assets/image-20250414212649-j7xpv6h.png","True"
"2025\06\21\ctf_publish_ready\01-刷题笔记\日常题单\Crypto\math_rsa\index.html","/assets/image-20250424211430-z0hftsi.png","True"
"2025\06\21\ctf_publish_ready\01-刷题笔记\日常题单\Crypto\math_rsa\index.html","/assets/image-20250424211442-d2104zk.png","True"
"2025\07\28\ctf_publish_ready\01-刷题笔记\日常题单\Crypto\SWPU 2020 happy\index.html","/assets/image-20250413143952-soumjw4.png","True"
"2025\08\02\ctf_publish_ready\01-刷题笔记\日常题单\Misc\谜之栅栏\index.html","/assets/image-20250414220943-9b6dz7p.png","True"
"2025\08\02\ctf_publish_ready\01-刷题笔记\日常题单\Misc\谜之栅栏\index.html","/assets/image-20250414221003-dhyjsh8.png","True"
"2025\08\02\ctf_publish_ready\01-刷题笔记\日常题单\Misc\谜之栅栏\index.html","/assets/image-20250414221021-29kqgpy.png","True"
"2025\08\03\ctf_publish_ready\01-刷题笔记\日常题单\Misc\损坏的压缩包\index.html","/assets/image-20250414220856-rvztoho.png","True"
"2025\08\05\ctf_publish_ready\01-刷题笔记\日常题单\Misc\杂项签到\index.html","/assets/image-20250414220742-cu3b5qy.png","True"
"2025\08\07\ctf_publish_ready\01-刷题笔记\日常题单\PWN\工具指南\CTF-Pwn入门基础工具——Checksec\index.html","/assets/image-20250313195915-gt92mnq.png","True"
"2025\08\08\ctf_publish_ready\01-刷题笔记\日常题单\PWN\栈溢出\index.html","/assets/image-20250312220558-9bu4qm0.png","True"
"2025\08\08\ctf_publish_ready\01-刷题笔记\日常题单\PWN\栈溢出\index.html","/assets/image-20250312220618-hdrtkmt.png","True"
"2025\08\08\ctf_publish_ready\01-刷题笔记\日常题单\PWN\栈溢出\index.html","/assets/image-20250312220657-o3nr5tx.png","True"
"2025\08\08\ctf_publish_ready\01-刷题笔记\日常题单\PWN\栈溢出\index.html","/assets/image-20250312220744-tt3moj5.png","True"
"2025\08\08\ctf_publish_ready\01-刷题笔记\日常题单\PWN\栈溢出\index.html","/assets/image-20250312220814-mpb0x7v.png","True"
"2025\08\08\ctf_publish_ready\01-刷题笔记\日常题单\PWN\栈溢出\index.html","/assets/image-20250312220905-37qypl4.png","True"
"2025\08\08\ctf_publish_ready\01-刷题笔记\日常题单\PWN\栈溢出\index.html","/assets/image-20250312221113-mxk475l.png","True"
"2025\08\08\ctf_publish_ready\01-刷题笔记\日常题单\PWN\栈溢出\index.html","/assets/image-20250312221153-94tsrdq.png","True"
"2025\08\08\ctf_publish_ready\01-刷题笔记\日常题单\PWN\栈溢出\index.html","/assets/image-20250312221331-71uj91q.png","True"
"2025\08\08\ctf_publish_ready\01-刷题笔记\日常题单\PWN\栈溢出\index.html","/assets/image-20250312221348-wrl8flz.png","True"
"2025\08\08\ctf_publish_ready\01-刷题笔记\日常题单\PWN\栈溢出\index.html","/assets/image-20250312221450-ykjik6e.png","True"
"2025\08\08\ctf_publish_ready\01-刷题笔记\日常题单\PWN\栈溢出\index.html","/assets/image-20250312221514-5uawug5.png","True"
"2025\08\08\ctf_publish_ready\01-刷题笔记\日常题单\PWN\栈溢出\index.html","/assets/image-20250312221554-r0paeyh.png","True"
"2025\08\08\ctf_publish_ready\01-刷题笔记\日常题单\PWN\栈溢出\index.html","/assets/image-20250312221613-8q4mwpe.png","True"
"2025\08\08\ctf_publish_ready\01-刷题笔记\日常题单\PWN\栈溢出\index.html","/assets/image-20250312221734-049z3sa.png","True"
"2025\08\08\ctf_publish_ready\01-刷题笔记\日常题单\PWN\栈溢出\index.html","/assets/image-20250312221747-v4dlh93.png","True"
"2025\08\08\ctf_publish_ready\01-刷题笔记\日常题单\PWN\栈溢出\index.html","/assets/image-20250312221804-pqlau60.png","True"
"2025\08\08\ctf_publish_ready\01-刷题笔记\日常题单\PWN\栈溢出\index.html","/assets/image-20250312221822-dr1wt4r.png","True"
"2025\08\10\ctf_publish_ready\01-刷题笔记\日常题单\PWN\栈溢出\pwnstrack\index.html","/assets/image-20250313210612-8dyjm0o.png","True"
"2025\08\10\ctf_publish_ready\01-刷题笔记\日常题单\PWN\栈溢出\pwnstrack\index.html","/assets/image-20250313211324-2v1ys9s.png","True"
"2025\08\10\ctf_publish_ready\01-刷题笔记\日常题单\PWN\栈溢出\pwnstrack\index.html","/assets/image-20250313211334-38gegv7.png","True"
"2025\08\10\ctf_publish_ready\01-刷题笔记\日常题单\PWN\栈溢出\pwnstrack\index.html","/assets/image-20250313211352-6ak0izh.png","True"
"2025\08\12\ctf_publish_ready\01-刷题笔记\日常题单\PWN\栈溢出\repeater\index.html","/assets/image-20250312222000-rts8cem.png","True"
"2025\08\12\ctf_publish_ready\01-刷题笔记\日常题单\PWN\栈溢出\repeater\index.html","/assets/image-20250312222000-rts8cem.png","True"
"2025\08\12\ctf_publish_ready\01-刷题笔记\日常题单\PWN\栈溢出\repeater\index.html","/assets/image-20250312222021-nf1qq57.png","True"
"2025\08\17\ctf_publish_ready\01-刷题笔记\日常题单\Reverse\探索进制的奥秘\index.html","/assets/image-20250424220913-m050onr.png","True"
"2025\08\18\ctf_publish_ready\01-刷题笔记\日常题单\Reverse\一个西瓜切两半你一半我一半\index.html","/assets/image-20250416222614-bpej8zo.png","True"
"2025\08\20\ctf_publish_ready\01-刷题笔记\日常题单\Reverse\easy_re\index.html","/assets/image-20250424220324-hppcmbk.png","True"
"2025\08\20\ctf_publish_ready\01-刷题笔记\日常题单\Reverse\easy_re\index.html","/assets/image-20250424220342-jaud4f5.png","True"
"2025\08\20\ctf_publish_ready\01-刷题笔记\日常题单\Reverse\easy_re\index.html","/assets/image-20250424220414-klfcpyn.png","True"
"2025\08\22\ctf_publish_ready\01-刷题笔记\日常题单\Reverse\Re2\index.html","/assets/image-20250418105734-t6f8xz0.png","True"
"2025\11\05\ctf_publish_ready\02-原理学习\密码学\RSA加密算法\RSA基础篇\P21.dp泄露变种之e较大\index.html","/assets/image-20250413140954-94q7bxb.png","True"
"2025\11\14\ctf_publish_ready\02-原理学习\密码学\RSA加密算法\RSA加密算法基础之基础简介\index.html","/assets/image-20251027175835-woqp40n.png","True"
"2025\11\14\ctf_publish_ready\02-原理学习\密码学\RSA加密算法\RSA加密算法基础之基础简介\index.html","/assets/image-20251027180655-pyqwq9u.png","True"
"2025\11\14\ctf_publish_ready\02-原理学习\密码学\RSA加密算法\RSA加密算法基础之基础简介\index.html","/assets/image-20250916174201-wrm7jy9.png","True"
"2025\12\24\ctf_publish_ready\02-原理学习\逆向\Tea加密\index.html","/assets/image-20250926101004-eyla6h3.png","True"
"2025\12\24\ctf_publish_ready\02-原理学习\逆向\Tea加密\index.html","/assets/image-20250926101124-yvxwsd9.png","True"
"2025\12\24\ctf_publish_ready\02-原理学习\逆向\Tea加密\index.html","/assets/image-20250926101253-50tqcly.png","True"
"2025\12\24\ctf_publish_ready\02-原理学习\逆向\Tea加密\index.html","/assets/image-20250926101304-e9zmfvk.png","True"
"2025\12\24\ctf_publish_ready\02-原理学习\逆向\Tea加密\index.html","/assets/image-20250926101312-kwl5shb.png","True"
"2025\12\24\ctf_publish_ready\02-原理学习\逆向\Tea加密\index.html","/assets/image-20250926101338-t5g157o.png","True"
"2025\12\24\ctf_publish_ready\02-原理学习\逆向\Tea加密\index.html","/assets/image-20250926101347-xqcahdu.png","True"
"2025\12\24\ctf_publish_ready\02-原理学习\逆向\Tea加密\index.html","/assets/image-20250926101354-rx7dmdo.png","True"
"2025\12\24\ctf_publish_ready\02-原理学习\逆向\Tea加密\index.html","/assets/image-20250926101405-coe2zr1.png","True"
"2025\12\24\ctf_publish_ready\02-原理学习\逆向\Tea加密\index.html","/assets/image-20250926101418-bd08cll.png","True"
"2025\12\25\ctf_publish_ready\02-原理学习\专题\逆向工程核心原理\index.html","/assets/image-20251109174230-3cixayx.png","True"
"2025\12\25\ctf_publish_ready\02-原理学习\专题\逆向工程核心原理\index.html","/assets/QQ_1762681422948-20251109174346-jigvi1d.png","True"
"2025\12\25\ctf_publish_ready\02-原理学习\专题\逆向工程核心原理\index.html","/assets/QQ_1762682282311-20251109175806-f16ruze.png","True"
"2025\12\25\ctf_publish_ready\02-原理学习\专题\逆向工程核心原理\index.html","/assets/QQ_1762682315409-20251109175837-eaqtysd.png","True"
"2025\12\25\ctf_publish_ready\02-原理学习\专题\逆向工程核心原理\index.html","/assets/QQ_1762910861037-20251112092743-11pgqkb.png","True"
"2025\12\25\ctf_publish_ready\02-原理学习\专题\逆向工程核心原理\index.html","/assets/QQ_1762948289065-20251112195158-ikx3zj5.png","True"
"2025\12\25\ctf_publish_ready\02-原理学习\专题\逆向工程核心原理\index.html","/assets/QQ_1762948379401-20251112195302-gbfp7qv.png","True"
"2025\12\25\ctf_publish_ready\02-原理学习\专题\逆向工程核心原理\index.html","/assets/QQ_1762948407672-20251112195331-zsyndz9.png","True"
"2025\12\25\ctf_publish_ready\02-原理学习\专题\逆向工程核心原理\index.html","/assets/image-20251114103300-fr1ci2j.png","True"
"2025\12\25\ctf_publish_ready\02-原理学习\专题\逆向工程核心原理\index.html","/assets/QQ_1763091277800-20251114113440-7kiuxgx.png","True"
"2025\12\25\ctf_publish_ready\02-原理学习\专题\逆向工程核心原理\index.html","/assets/QQ_1763090081043-20251114111444-j8xsd0q.png","True"
"2025\12\27\ctf_publish_ready\02-原理学习\专题\校内培训：密码学入门\index.html","/assets/image-20250916174201-wrm7jy9.png","True"
"about\index.html","/img/avatar.png","True"
